{
  "id": "sirnilocs-stash-dc20",
  "title": "SirNiloc's Stash (DC20)",
  "version": "1.1.2",
  "library": true,
  "manifest": "https://github.com/SirNiloc/sirnilocs-stash-dc20/releases/latest/download/module.json",
  "download": "https://github.com/SirNiloc/sirnilocs-stash-dc20/releases/latest/download/module.zip",
  "compatibility": {
    "minimum": "13",
    "verified": "13"
  },
  "scripts": [
    "scripts/RegisterEventsRAVN.js",
    "scripts/UtilDC20.js",
	"scripts/CustomStyleBuilder.js",
    "scripts/ApexAction.js"
  ],
  "authors": [
    {
      "name": "SirNiloc",
      "email": "sirniloc@ravn-quest.com",
      "url": "www.ravn-quest.com",
      "discord": "sirniloc",
      "flags": {}
    }
  ],
  "description": "<p>Utilies I use that may be helpful for other creators.</p>",
  "url": "https://github.com/SirNiloc/sirnilocs-stash-dc20",
  "relationships": {
    "systems": [
      {
        "id": "dc20rpg",
        "type": "system",
        "compatibility": {}
      }
    ],
    "recommends": [
      {
        "id": "ravn-quest",
        "type": "module",
        "compatibility": {}
      }
    ]
  }
}